Sequences_P,Sentiment
[ 897 1505 1539    0    0    0    0    0    0    0    0    0],1
[1473 1779    0    0    0    0    0    0    0    0    0    0],0
[1575  395  608    0    0    0    0    0    0    0    0    0],0
[ 246 1786   25  118 1673 1133 1959  476 1505    0    0    0],1
[  51 1783 1569 1112    0    0    0    0    0    0    0    0],1
[1646  361  299 1025 1672    0    0    0    0    0    0    0],0
[ 635  241  750 1333    0    0    0    0    0    0    0    0],0
[ 196  863 1674 1032 1115 1533 1769 1598  211  279    0    0],0
[1951 1569    0    0    0    0    0    0    0    0    0    0],1
[1569 1485    0    0    0    0    0    0    0    0    0    0],1
[1515 1264    0    0    0    0    0    0    0    0    0    0],1
[1681  195  226    0    0    0    0    0    0    0    0    0],0
[1607 1648 1484 1572 1663 1875 1489 1932    0    0    0    0],0
[ 554 1367  649 1244 1603 1496    0    0    0    0    0    0],1
[ 739  637 1211 1411   82    0    0    0    0    0    0    0],0
[ 950 1022 1621 1290    0    0    0    0    0    0    0    0],0
[1637  782    0    0    0    0    0    0    0    0    0    0],1
[1417  940  585 1515    0    0    0    0    0    0    0    0],0
[1539   88 1598  538  386  711    0    0    0    0    0    0],0
[863   0   0   0   0   0   0   0   0   0   0   0],0
[ 379 1395    0    0    0    0    0    0    0    0    0    0],0
[ 123 1356    0    0    0    0    0    0    0    0    0    0],1
[1515 1295 1189    0    0    0    0    0    0    0    0    0],1
[1032 1648 1654 1352 1332    0    0    0    0    0    0    0],1
[817   0   0   0   0   0   0   0   0   0   0   0],1
[1741 1127 1658 1334 1144  165 1779    0    0    0    0    0],1
[929 974 440 345   0   0   0   0   0   0   0   0],0
[1915  204 1569 1458  876 1439 1450  260    0    0    0    0],1
[1433  257   52  123   81 1911   98 1501  495  863  588   45],0
[1002 1838 1262    0    0    0    0    0    0    0    0    0],0
[1295 1504  863  280 1951  604 1140  930  312    0    0    0],1
[863 451  16   0   0   0   0   0   0   0   0   0],0
[ 103 1539 1763 1032  957    0    0    0    0    0    0    0],1
[ 863 1779  178 1539 1007 1320 1270 1318  123 1828 1641  674],0
[1799  863 1539 1494    0    0    0    0    0    0    0    0],1
[128 810  52 908   0   0   0   0   0   0   0   0],1
[1542  877 1779 1112    0    0    0    0    0    0    0    0],1
[1436 1515    8 1533  847  863 1756 1114 1598 1745 1950    0],0
[ 987 1149  879  654    0    0    0    0    0    0    0    0],1
[1515   35    0    0    0    0    0    0    0    0    0    0],0
[ 30 166 429   0   0   0   0   0   0   0   0   0],1
[ 312 1779 1050 1681  922 1885    0    0    0    0    0    0],0
[1633 1203 1779  252  959  362  241  299 1359 1865 1646 1934],0
[ 419 1456 1771 1843 1204 1569 1515    0    0    0    0    0],1
[ 648  638 1068 1002  871  561  786    0    0    0    0    0],0
[ 530  863  888   57  105 1760    0    0    0    0    0    0],1
[1075  123 1025  469    0    0    0    0    0    0    0    0],0
[ 280 1779  994 1222 1623    0    0    0    0    0    0    0],1
[ 299 1257  195  464    0    0    0    0    0    0    0    0],1
[1459 1895  440 1895 1649 1575  157  615  355    0    0    0],1
[1097  267  742 1047  166  881 1616  283 1381    0    0    0],1
[1745 1501 1520 1590 1063  438 1580 1950    0    0    0    0],1
[ 868 1939 1779    0    0    0    0    0    0    0    0    0],1
[ 161 1421 1132 1045 1231 1217 1045 1422  583  123    0    0],0
[1568  969    0    0    0    0    0    0    0    0    0    0],1
[1505 1617   15 1569  123  130  825 1783    0    0    0    0],1
[ 943 1339 1267  804  711 1188  770 1803   52    0    0    0],0
[1922 1497  863 1365  478  777 1299    0    0    0    0    0],0
[ 440 1623 1348  623  367   42 1794 1222    0    0    0    0],1
[1847  972 1847  938  155    0    0    0    0    0    0    0],0
[ 912  584 1351  121 1634  651  678 1180    0    0    0    0],0
[1539 1612  512 1870    0    0    0    0    0    0    0    0],1
[1138 1170  893    0    0    0    0    0    0    0    0    0],1
[1106 1577  195  226    0    0    0    0    0    0    0    0],1
[1765  103 1539    0    0    0    0    0    0    0    0    0],1
[1569  123 1515  969  877  800 1079 1490    0    0    0    0],1
[ 784 1569 1598 1720  830    0    0    0    0    0    0    0],1
[1824  226  822 1598 1663 1356    0    0    0    0    0    0],1
[ 759  123  843  929  807 1711 1312  187  794    0    0    0],0
[1569  791 1129 1569    0    0    0    0    0    0    0    0],1
[ 312  586 1365 1056 1958  543  363 1676 1726 1410    0    0],1
[ 536  536 1779 1882 1598    0    0    0    0    0    0    0],1
[1515 1957    0    0    0    0    0    0    0    0    0    0],0
[1200  364  725 1214 1324  616 1563  771    0    0    0    0],0
[ 963  694 1539 1681  752  881  206  241 1529 1879  652    0],0
[  42 1507  444 1182 1555 1748    0    0    0    0    0    0],0
[1958  307 1075  723 1515    0    0    0    0    0    0    0],0
[1020  679 1951 1779 1099 1748    0    0    0    0    0    0],1
[ 402  822 1598 1413  172  571  637 1779    0    0    0    0],1
[1922 1779  123  711  847  769 1664 1684 1712  391 1882 1615],0
[  10  863  138 1525  831 1236   11 1738 1123 1141  841    0],0
[ 816 1539  296  863 1062  550  624 1958  154 1684    0    0],0
[861 179 994 199   0   0   0   0   0   0   0   0],0
[1539    0    0    0    0    0    0    0    0    0    0    0],1
[1426 1597  265  750  863 1446  718  703  691 1218  605 1062],0
[1051 1672 1430  124 1193 1593 1085    0    0    0    0    0],1
[1436 1312  946  593 1533  607 1116 1552    0    0    0    0],0
[1572  123 1356    0    0    0    0    0    0    0    0    0],1
[ 129 1864    0    0    0    0    0    0    0    0    0    0],1
[  39 1333  893    0    0    0    0    0    0    0    0    0],1
[1281 1392 1293  262 1070    0    0    0    0    0    0    0],0
[ 863  536  990 1376 1378  292 1044 1548  140 1123 1376    0],1
[ 929 1230  432  898  929 1484  481 1451    0    0    0    0],0
[ 482 1696  571    0    0    0    0    0    0    0    0    0],1
[1572 1162 1162 1845   71    0    0    0    0    0    0    0],0
[1748  929  195    0    0    0    0    0    0    0    0    0],0
[226   0   0   0   0   0   0   0   0   0   0   0],1
[ 123 1042 1167    0    0    0    0    0    0    0    0    0],1
[1779    0    0    0    0    0    0    0    0    0    0    0],0
[1459  947 1811  536 1779  123    0    0    0    0    0    0],1
[ 136  670  629 1354  598 1271  169 1842 1058 1688 1271  195],1
[1779  530    8  542  211 1346 1077   10    0    0    0    0],1
[ 482  571 1892 1283 1949    0    0    0    0    0    0    0],1
[1505 1046 1222 1482 1752  267  166  679 1431  893    0    0],1
[1217  352  686    0    0    0    0    0    0    0    0    0],1
[1676 1111 1701 1286    0    0    0    0    0    0    0    0],1
[ 123  893 1554 1843  856  759 1569  312    0    0    0    0],1
[1643  130   79  662    0    0    0    0    0    0    0    0],1
[ 195  226 1443  602    0    0    0    0    0    0    0    0],1
[1486 1779    0    0    0    0    0    0    0    0    0    0],1
[ 939 1750 1931 1559  977 1595 1779    0    0    0    0    0],0
[ 912  397  272 1520  522  123  743   92 1749    0    0    0],0
[ 536 1701 1390   52 1577   88 1149    0    0    0    0    0],1
[1616 1014  166    0    0    0    0    0    0    0    0    0],1
[1779 1112    0    0    0    0    0    0    0    0    0    0],1
[1764    0    0    0    0    0    0    0    0    0    0    0],1
[637 225   0   0   0   0   0   0   0   0   0   0],0
[1413  352 1887    0    0    0    0    0    0    0    0    0],0
[ 626 1230 1721  724    0    0    0    0    0    0    0    0],0
[1061 1922 1158 1641  992 1539 1710 1070  335 1293    0    0],0
[1422 1793 1539 1323  228 1775  123 1484  158  560 1470  443],0
[1002 1515 1239  912 1553    0    0    0    0    0    0    0],0
[1515 1600 1417 1450    0    0    0    0    0    0    0    0],1
[1855   36  724  482 1002  803 1387  482  724 1840 1484  158],1
[  20  353 1100 1859 1214 1779 1750 1539  536  271 1728  999],1
[1876  260  341  352 1396  403    0    0    0    0    0    0],0
[ 896 1539  159  669 1422  299  127 1598 1075  675 1159  656],0
[1832  123 1515   26    0    0    0    0    0    0    0    0],1
[ 640 1386    0    0    0    0    0    0    0    0    0    0],0
[1577   88  409  961  565 1370 1386 1443 1598 1282  711    0],1
[1539  791 1932 1528  123    0    0    0    0    0    0    0],0
[ 751  578 1913    0    0    0    0    0    0    0    0    0],1
[ 833 1795  459 1257  915  607 1303 1611  609 1943 1575 1018],1
[600 684   0   0   0   0   0   0   0   0   0   0],0
[ 893 1069 1321 1779 1291   65  302  939 1209 1722  931    0],1
[1569 1086 1010 1779  954 1114 1086  733 1366    0    0    0],1
[1547  566 1696    0    0    0    0    0    0    0    0    0],1
[1217  482   56  123  711    0    0    0    0    0    0    0],1
[ 573  684  536 1243 1618 1681 1051  612 1224  711    0    0],0
[1184  929 1856 1533  536 1569 1783  993    0    0    0    0],1
[1422    0    0    0    0    0    0    0    0    0    0    0],0
[   8   92  542 1450  627  610 1520    0    0    0    0    0],0
[1063   78  172 1036  123 1515    0    0    0    0    0    0],0
[1658 1462 1922   14  410   92 1575    0    0    0    0    0],0
[1616 1757  995  521  847  863  672 1841  114  123    0    0],1
[1682  796 1539 1748 1092    0    0    0    0    0    0    0],1
[1783  784  387  123  810  391 1515  573  585    0    0    0],0
[1515  940  585 1404  228  975  871   15  123   10  585 1009],0
[ 800 1958 1776    0    0    0    0    0    0    0    0    0],0
[1796    8  967 1494 1066  257 1940 1520    0    0    0    0],0
[ 548 1745  278  934  242  617 1623 1859    0    0    0    0],1
[1569   52 1301 1226    0    0    0    0    0    0    0    0],1
[1831 1954  131 1180 1650    0    0    0    0    0    0    0],0
[ 348 1745  440  126    0    0    0    0    0    0    0    0],0
[ 382 1569  810 1785    0    0    0    0    0    0    0    0],1
[ 260 1450  385  784  796    0    0    0    0    0    0    0],1
[1275  263  270  934 1663  130  166 1748 1748 1897    0    0],1
[1598 1089  536 1913  777  115  391 1894  965  717  497 1315],1
[1539 1779    0    0    0    0    0    0    0    0    0    0],1
[1797 1060  271  174 1049  934   39 1097  126    0    0    0],0
[1745  226  402  115 1369 1663  315    0    0    0    0    0],0
[ 617 1591    0    0    0    0    0    0    0    0    0    0],1
[1783  269  479   47    0    0    0    0    0    0    0    0],1
[1570  294    0    0    0    0    0    0    0    0    0    0],0
[  52  784  450  929 1738    0    0    0    0    0    0    0],1
[893   0   0   0   0   0   0   0   0   0   0   0],1
[1539  551 1217  482  803 1359 1513   83   28    0    0    0],1
[1422  195  297 1779  123    0    0    0    0    0    0    0],0
[1413  929 1147 1075    0    0    0    0    0    0    0    0],0
[1581  668  988    0    0    0    0    0    0    0    0    0],1
[1295 1097  398 1853  440  239   70 1649  789 1380  750    0],0
[ 536  711 1600  262  141 1623 1571  316 1475 1112  676    0],1
[1777 1450    0    0    0    0    0    0    0    0    0    0],1
[   4  245 1852 1507  716 1462 1931    0    0    0    0    0],1
[  39 1783   34 1295  755 1533 1356  303  400 1773    0    0],1
[ 589 1522  999  509 1137 1282  310  195  226    0    0    0],0
[1515 1813 1494  760    0    0    0    0    0    0    0    0],0
[1887 1624  291  765 1485 1604    0    0    0    0    0    0],1
[ 428 1202 1577 1539  954  226 1114    0    0    0    0    0],1
[ 789 1249 1195 1180 1217 1234 1059  437    0    0    0    0],0
[ 280 1188  894  946  588  199  280 1660  243  894    0    0],0
[1295 1024 1420  226 1417  981  863  490  943 1339    0    0],0
[1041 1147 1493    0    0    0    0    0    0    0    0    0],0
[ 493 1298    0    0    0    0    0    0    0    0    0    0],0
[1051 1539  167 1728  299 1096  630 1708 1453  894    0    0],1
[1097 1415  407   38  862 1295 1409    0    0    0    0    0],1
[ 123  191 1410  191 1032  452    0    0    0    0    0    0],0
[ 917 1874    0    0    0    0    0    0    0    0    0    0],1
[536 863 899  94   0   0   0   0   0   0   0   0],1
[  97 1444 1878 1868 1533  679 1937 1581  537  820  193 1779],1
[1040  560  893  123    0    0    0    0    0    0    0    0],1
[1005  124 1701    0    0    0    0    0    0    0    0    0],1
[ 437 1042 1217  647 1146    0    0    0    0    0    0    0],0
[ 440  108   38   65  105  438   61  444 1384    0    0    0],1
[1282  536 1211  485 1083  482   97 1557  559 1160 1513  928],0
[ 482 1539  195 1575  772 1672    0    0    0    0    0    0],1
[575  79 250 588   6   0   0   0   0   0   0   0],0
[1413  929  266  351  125    0    0    0    0    0    0    0],0
[1450  260    0    0    0    0    0    0    0    0    0    0],1
[  88 1368    0    0    0    0    0    0    0    0    0    0],1
[ 807 1779 1893 1539 1448 1114   73 1032 1012    0    0    0],1
[ 123 1569 1107    0    0    0    0    0    0    0    0    0],1
[1911  604  241  962    0    0    0    0    0    0    0    0],0
[1569 1772 1728    0    0    0    0    0    0    0    0    0],1
[1515 1450   80    0    0    0    0    0    0    0    0    0],1
[1779  172 1728    0    0    0    0    0    0    0    0    0],1
[1413 1108  115 1691  987   33 1598 1413 1549 1038 1539    0],0
[1002 1070 1484    0    0    0    0    0    0    0    0    0],0
[1060  999 1539    0    0    0    0    0    0    0    0    0],0
[1203 1611  673 1246  920  767  937  258 1850 1255    0    0],1
[1579  929 1833 1681  715 1433 1211 1459  204 1579  951 1130],0
[ 678 1180 1601  440 1590   92   10 1598 1248    0    0    0],0
[1103 1505 1838  955    0    0    0    0    0    0    0    0],1
[1812  195  226    0    0    0    0    0    0    0    0    0],0
[ 573 1575    0    0    0    0    0    0    0    0    0    0],1
[1417 1779  895    0    0    0    0    0    0    0    0    0],1
[ 388 1779    0    0    0    0    0    0    0    0    0    0],0
[ 778 1469  893    0    0    0    0    0    0    0    0    0],1
[1782   88 1283    0    0    0    0    0    0    0    0    0],0
[ 123  945  437 1562    0    0    0    0    0    0    0    0],1
[  28 1381 1518 1059  450  525  325 1422  976  349 1597 1074],0
[1515  335 1708    0    0    0    0    0    0    0    0    0],0
[1671 1606 1774  207  113  699 1556 1711 1809 1680 1006  257],0
[1810  473  391  541 1629 1729  954    0    0    0    0    0],0
[1425 1445 1050  894 1075    0    0    0    0    0    0    0],0
[1505 1581  857  854    0    0    0    0    0    0    0    0],1
[ 527 1119    0    0    0    0    0    0    0    0    0    0],1
[ 985 1829  784 1187 1520  847  790  358    0    0    0    0],1
[ 788 1295 1666    0    0    0    0    0    0    0    0    0],0
[1539  987 1672 1356    0    0    0    0    0    0    0    0],1
[ 130 1070 1533 1539 1178  496 1892    0    0    0    0    0],1
[ 123  966 1075 1050  583 1734 1017  447  499  871    0    0],0
[1208  902    0    0    0    0    0    0    0    0    0    0],1
[ 383 1614  759    3 1640 1157 1110 1402 1292   96 1663   35],0
[1569 1539 1437  543 1040 1331 1173  657   50 1090    0    0],1
[1260  800 1380  512  737    0    0    0    0    0    0    0],0
[1688 1387 1830  623  399 1688 1387 1014 1242 1006  124  905],0
[1089 1572 1681  212 1881  798  806 1431  750  658  750 1356],1
[1527  884   25  365 1211  195  226 1085    0    0    0    0],0
[1597 1843 1088 1913  723 1515    0    0    0    0    0    0],1
[ 161 1422  127 1598 1335    0    0    0    0    0    0    0],0
[1507  444  683    0    0    0    0    0    0    0    0    0],1
[1598 1459   52  570 1856 1803    0    0    0    0    0    0],0
[  92 1749 1425 1295 1566  625 1445    0    0    0    0    0],0
[ 863   64 1387  448  967 1359 1539    0    0    0    0    0],0
[ 543 1200  851  364 1180  954 1217 1052    0    0    0    0],0
[1547  201 1143  985    0    0    0    0    0    0    0    0],1
[1922  352  190 1750 1539 1676  711    0    0    0    0    0],1
[1723 1790 1050  926 1889    0    0    0    0    0    0    0],1
[1153  114 1515 1361 1382 1125 1573  541 1812  391  226    0],0
[1788  536 1569  871    0    0    0    0    0    0    0    0],1
[616 996 710   0   0   0   0   0   0   0   0   0],0
[1895 1649 1498  201    0    0    0    0    0    0    0    0],1
[1799 1422  584 1681 1059 1699 1539 1533 1644 1023  757  351],0
[ 523 1779 1827  623 1575    0    0    0    0    0    0    0],1
[1043 1950 1515  637  845    0    0    0    0    0    0    0],1
[1701 1515    0    0    0    0    0    0    0    0    0    0],1
[1748 1907  715  513 1380  512 1260    0    0    0    0    0],0
[1793 1187    0    0    0    0    0    0    0    0    0    0],1
[1798  826  894    0    0    0    0    0    0    0    0    0],0
[  73 1539  209  495    0    0    0    0    0    0    0    0],1
[  56  711 1484 1725  774  298  121    0    0    0    0    0],0
[  52 1887  516    0    0    0    0    0    0    0    0    0],1
[1779 1515  796  908 1239    0    0    0    0    0    0    0],1
[1497 1333 1836 1568    0    0    0    0    0    0    0    0],1
[1662 1174   72    0    0    0    0    0    0    0    0    0],1
[1515 1626 1425    0    0    0    0    0    0    0    0    0],0
[ 237  320 1901  872  123 1188  893 1598    0    0    0    0],1
[1779  605 1315    0    0    0    0    0    0    0    0    0],1
[ 288 1904  824  947  539 1036    0    0    0    0    0    0],0
[430 234 487   0   0   0   0   0   0   0   0   0],1
[ 11 195 253 123   0   0   0   0   0   0   0   0],1
[  11 1949    0    0    0    0    0    0    0    0    0    0],1
[ 246 1539  446  655 1450  626  260    0    0    0    0    0],1
[1371 1450 1779  666    0    0    0    0    0    0    0    0],1
[1413  352 1896  766 1131  117  931 1926 1672    0    0    0],0
[1158 1511 1515 1039    0    0    0    0    0    0    0    0],1
[ 764 1867  241 1872  946  897  894    0    0    0    0    0],1
[584   0   0   0   0   0   0   0   0   0   0   0],0
[1519  440  637  199 1646    0    0    0    0    0    0    0],0
[1676 1225  280   99  476 1036    0    0    0    0    0    0],1
[1515 1508    0    0    0    0    0    0    0    0    0    0],0
[1831 1831    0    0    0    0    0    0    0    0    0    0],0
[1539  810 1750  810   52    0    0    0    0    0    0    0],0
[1681 1577 1309  108 1748  523    0    0    0    0    0    0],1
[1569  523  865    0    0    0    0    0    0    0    0    0],1
[1893 1676  253  415   18    0    0    0    0    0    0    0],0
[1831 1447 1696 1032  672  519  307  352 1868    0    0    0],0
[1539 1356    0    0    0    0    0    0    0    0    0    0],1
[ 505  944 1647  705 1063 1036 1539    0    0    0    0    0],0
[1831 1958 1026  929  759 1425  510 1243  495 1520 1745 1117],0
[1422 1793  585    0    0    0    0    0    0    0    0    0],0
[ 260 1569  123 1611 1409  604   51    0    0    0    0    0],1
[ 575 1844 1036 1812  226 1067  393    0    0    0    0    0],0
[ 241 1793 1632  565 1032 1240  893    0    0    0    0    0],1
[1214 1587 1333  187 1900 1648    0    0    0    0    0    0],1
[1247 1080  484  779 1793 1477 1598 1684 1225  280 1689  329],0
[1051 1010   39 1783   88    0    0    0    0    0    0    0],1
[ 929  262 1539    0    0    0    0    0    0    0    0    0],0
[ 123 1913 1515 1779    0    0    0    0    0    0    0    0],1
[1779  604 1184   51 1779  123   51    0    0    0    0    0],1
[ 779  357 1859   30  611  344 1886    0    0    0    0    0],0
[ 621  437   70 1032  493 1910 1243 1937  255  493  495 1869],0
[ 123  536 1120    0    0    0    0    0    0    0    0    0],0
[1779 1622    0    0    0    0    0    0    0    0    0    0],1
[ 763 1349  929 1074 1688 1416    0    0    0    0    0    0],0
[ 929 1484  195  226    0    0    0    0    0    0    0    0],0
[1922 1089  863  195  226   11 1214  272 1483 1515  929 1386],0
[ 139  612  949   44 1511  420    0    0    0    0    0    0],1
[1424 1779    0    0    0    0    0    0    0    0    0    0],1
[1701  123    0    0    0    0    0    0    0    0    0    0],1
[1097 1229   54 1724 1745  217    0    0    0    0    0    0],0
[ 123 1779    0    0    0    0    0    0    0    0    0    0],1
[929 391 226   0   0   0   0   0   0   0   0   0],0
[1569  123 1283  360  810  891 1533    0    0    0    0    0],1
[188 354 889 684   0   0   0   0   0   0   0   0],0
[1052   99  741 1397 1539 1028  241  976  422  590  734  694],0
[ 226 1779  210 1679  222  568 1770 1115   74  226 1062  477],1
[1404 1310 1520  438  450  290 1195   11  195  253    0    0],1
[1444 1533 1883    0    0    0    0    0    0    0    0    0],1
[ 219 1515    0    0    0    0    0    0    0    0    0    0],0
[1295 1951  659 1964 1002 1951 1413 1484    0    0    0    0],0
[1515  532  123 1779 1137    0    0    0    0    0    0    0],1
[1437  134 1117  317 1356 1058    0    0    0    0    0    0],1
[1071 1539 1892 1031    0    0    0    0    0    0    0    0],1
[ 309 1751  783 1020  196 1460    0    0    0    0    0    0],1
[1812 1036    0    0    0    0    0    0    0    0    0    0],1
[1032  186  264   25 1187  352 1799 1507 1663 1779    0    0],1
[1243  803 1413  929  465   52 1811 1247 1005 1696 1399 1098],0
[1440  759 1868 1591  759 1934  375  440    0    0    0    0],0
[  15 1531  312 1422  784  461  523  567  984    0    0    0],0
[ 834  122 1779 1765 1676  226    0    0    0    0    0    0],1
[1701 1515 1362 1887    0    0    0    0    0    0    0    0],1
[ 39 225   0   0   0   0   0   0   0   0   0   0],0
[1051 1539    0    0    0    0    0    0    0    0    0    0],1
[1569 1515  123    0    0    0    0    0    0    0    0    0],1
[ 987 1682  393  595  417 1136  850  632 1906    0    0    0],0
[ 280  759  767 1344  942  280  626 1036    0    0    0    0],0
[160 123  67   0   0   0   0   0   0   0   0   0],1
[ 616 1000 1539    0    0    0    0    0    0    0    0    0],0
[1638  616  358  986    0    0    0    0    0    0    0    0],0
[1431 1838  482 1569    0    0    0    0    0    0    0    0],1
[1148 1333  623 1512  863 1000 1390    0    0    0    0    0],1
[  88   76 1013    0    0    0    0    0    0    0    0    0],1
[  51  493 1002 1413  465 1030 1006    0    0    0    0    0],0
[ 637 1779  604   51    0    0    0    0    0    0    0    0],1
[1539  863 1434  352    0    0    0    0    0    0    0    0],1
[ 680 1887 1208 1333 1870  370 1078  982  724    0    0    0],1
[1365  512 1228  880 1444 1223    0    0    0    0    0    0],1
[ 158 1033  307 1598  123  893    0    0    0    0    0    0],1
[1249 1688  284 1180  346  202  438    0    0    0    0    0],0
[412   0   0   0   0   0   0   0   0   0   0   0],0
[1597 1147   66  358    0    0    0    0    0    0    0    0],1
[ 150 1059  364  725   19 1599    0    0    0    0    0    0],0
[893   0   0   0   0   0   0   0   0   0   0   0],1
[1779 1459  260  644 1531 1762  939   12    0    0    0    0],1
[1284  164  491  724 1539  968 1702 1570 1443  602  711    0],0
[ 784 1253  130  123  893    0    0    0    0    0    0    0],1
[ 482  187 1413 1484 1427    0    0    0    0    0    0    0],1
[1166 1443 1220 1616    0    0    0    0    0    0    0    0],1
[ 571 1782  123  434  199    0    0    0    0    0    0    0],0
[1039  940   52  482  123 1484 1781    0    0    0    0    0],1
[ 637 1004 1681 1572    0    0    0    0    0    0    0    0],1
[1577 1065 1964 1159  226  325 1629  116 1962    0    0    0],0
[1771 1569  666  722 1761 1592 1950    0    0    0    0    0],1
[1285 1664  123 1789   92  123    0    0    0    0    0    0],0
[ 136 1671 1606 1145   85    0    0    0    0    0    0    0],0
[1681  954  226 1750  887  711    0    0    0    0    0    0],1
[ 260 1569   26 1569    0    0    0    0    0    0    0    0],1
[1620 1365  512    0    0    0    0    0    0    0    0    0],1
[ 438  828 1602  351 1934    9  934    0    0    0    0    0],0
[1631   53    0    0    0    0    0    0    0    0    0    0],0
[ 262   21 1008  645 1092  135    0    0    0    0    0    0],1
[  59  437  791  353  863 1819  321 1912 1697  611  812 1051],1
[ 308 1882 1528  482    0    0    0    0    0    0    0    0],0
[ 482 1439 1892  320    0    0    0    0    0    0    0    0],1
[1200  226 1335  759  913    0    0    0    0    0    0    0],0
[ 917 1254 1892 1539 1356    0    0    0    0    0    0    0],1
[684 813 600   0   0   0   0   0   0   0   0   0],0
[1450 1738  307  228  161 1217  931 1054 1227  987  678 1180],0
[1812  226    0    0    0    0    0    0    0    0    0    0],0
[1569  189    0    0    0    0    0    0    0    0    0    0],1
[1515   93 1577 1309  805    0    0    0    0    0    0    0],1
[123 412   0   0   0   0   0   0   0   0   0   0],0
[ 929 1484  195  226  338 1243  871  795    0    0    0    0],0
[1422 1309  325 1683  978 1500 1705    0    0    0    0    0],0
[ 954  226 1114 1598 1282  711    0    0    0    0    0    0],1
[1539 1620 1217 1080 1128  123    0    0    0    0    0    0],0
[1821    0    0    0    0    0    0    0    0    0    0    0],0
[ 631   10  226  772 1443 1598    0    0    0    0    0    0],1
[ 299  630 1000  244  123 1085 1539    0    0    0    0    0],1
[1675  954 1475  999  650 1540  999 1637 1309 1539  701   28],1
[ 717  307 1936 1070  784 1569    0    0    0    0    0    0],1
[ 816 1859  636  290  987  711  571 1070    0    0    0    0],1
[1913 1112  637  568 1404  711  731  881 1884  780 1388  528],1
[1409  181  953  616 1835 1232  444  863 1336 1584 1719  176],1
[1282  493 1217  871 1484  195 1474  863    0    0    0    0],0
[ 973  523  784  271 1355 1569 1459 1507 1924 1385    0    0],1
[1515  106   60 1887 1616 1074    0    0    0    0    0    0],1
[1222 1804 1515  853    0    0    0    0    0    0    0    0],1
[1217  971  809    0    0    0    0    0    0    0    0    0],0
[1799 1036  810  123  728    0    0    0    0    0    0    0],0
[1422 1235 1793 1282 1646  143    0    0    0    0    0    0],0
[1569 1539 1359  324  940 1440 1199  748  463  342 1226   28],1
[ 402  987  750  848  587   97 1557 1115 1484   20 1260    0],1
[ 438 1807    0    0    0    0    0    0    0    0    0    0],0
[1159 1577 1248    0    0    0    0    0    0    0    0    0],1
[ 123  536 1779  759  450  864  845    0    0    0    0    0],1
[1515 1701    0    0    0    0    0    0    0    0    0    0],1
[ 744  127 1598    0    0    0    0    0    0    0    0    0],0
[1422 1793  626  482 1072 1131    0    0    0    0    0    0],1
[ 954 1929  656  290  636    0    0    0    0    0    0    0],1
[1515  800  512    0    0    0    0    0    0    0    0    0],0
[1665 1812 1036    0    0    0    0    0    0    0    0    0],1
[1059  940 1075 1515  123   35    0    0    0    0    0    0],0
[ 202  326 1359 1473  276 1663 1714    0    0    0    0    0],0
[721 252   0   0   0   0   0   0   0   0   0   0],0
[ 536  524 1684    0    0    0    0    0    0    0    0    0],1
[ 987 1598  391  584 1167  304 1379    0    0    0    0    0],1
[1771 1616  931  895  981  940   45  667  365 1652 1450  151],1
[1064 1816  338  380 1333 1616  395  750    0    0    0    0],1
[ 707 1623 1443 1950 1761  687 1363  688 1912  827  175    0],0
[  22   11  931 1285 1026 1935 1858    0    0    0    0    0],0
[1825  554  863 1539  678  307  584  672    0    0    0    0],0
[366   0   0   0   0   0   0   0   0   0   0   0],0
[1023    0    0    0    0    0    0    0    0    0    0    0],1
[1547 1779  523 1282 1854 1003    0    0    0    0    0    0],1
[   8 1037    0    0    0    0    0    0    0    0    0    0],0
[1653 1958 1272  277    0    0    0    0    0    0    0    0],0
[ 359   52 1788 1413 1484  954 1560    0    0    0    0    0],1
[929 954   0   0   0   0   0   0   0   0   0   0],0
[1505 1185    0    0    0    0    0    0    0    0    0    0],1
[1515  178 1450    0    0    0    0    0    0    0    0    0],1
[1097 1358 1200 1767 1180  523 1688  678 1180    0    0    0],0
[1027 1701    0    0    0    0    0    0    0    0    0    0],1
[ 969  520  781  270 1687  273  591  184    0    0    0    0],0
[1577  954  226    0    0    0    0    0    0    0    0    0],1
[ 863 1890 1790 1512  863  592    0    0    0    0    0    0],1
[ 897 1014  893    0    0    0    0    0    0    0    0    0],1
[ 292 1270 1764    0    0    0    0    0    0    0    0    0],1
[1159 1059  541 1064 1398  674    0    0    0    0    0    0],0
[1089 1051  195  226    0    0    0    0    0    0    0    0],1
[ 768 1084   52  130  704    0    0    0    0    0    0    0],1
[616 358   0   0   0   0   0   0   0   0   0   0],0
[ 934 1210 1275  312  893    0    0    0    0    0    0    0],1
[1091  952 1735 1707 1581 1635 1016    0    0    0    0    0],1
[226   0   0   0   0   0   0   0   0   0   0   0],0
[623 155   0   0   0   0   0   0   0   0   0   0],0
[ 123  893 1014 1050 1211 1141  339  282  791    0    0    0],1
[1306  724 1222 1794 1569  404  894    0    0    0    0    0],1
[1422  584 1748  391  226  787 1248    0    0    0    0    0],0
[ 123 1278    0    0    0    0    0    0    0    0    0    0],1
[1750 1585 1577 1115  869 1779  123 1075  123 1169 1075  123],0
[266   0   0   0   0   0   0   0   0   0   0   0],0
[  33  975  307  172 1075    0    0    0    0    0    0    0],0
[ 607  108 1276  119  607  946 1484  158    0    0    0    0],0
[1779  524 1114  238 1704 1304  486  289 1782   60 1082 1610],1
[ 483  584 1569    0    0    0    0    0    0    0    0    0],1
[ 482   24 1657  468    0    0    0    0    0    0    0    0],1
[1505 1539    0    0    0    0    0    0    0    0    0    0],1
[1577   88  975 1176    0    0    0    0    0    0    0    0],0
[ 423   38   65 1498  168 1677 1190 1820 1333 1050    0    0],1
[1282 1800 1598 1442 1728    0    0    0    0    0    0    0],1
[1265 1002    0    0    0    0    0    0    0    0    0    0],0
[ 881  536  444 1616  796    0    0    0    0    0    0    0],1
[ 123 1039 1112  568    0    0    0    0    0    0    0    0],1
[1422  584 1159 1501  226 1717  787 1248  123    0    0    0],0
[1200 1195 1180 1377 1688  727 1180 1214  663  211  153 1893],0
[1051 1499    0    0    0    0    0    0    0    0    0    0],1
[987 711 571 594   0   0   0   0   0   0   0   0],1
[1779  895    0    0    0    0    0    0    0    0    0    0],1
[1217 1456  147 1032 1529  914    0    0    0    0    0    0],0
[1569  565 1257    0    0    0    0    0    0    0    0    0],1
[1422  127 1598    0    0    0    0    0    0    0    0    0],0
[ 744 1534 1681 1922  424  195  142  682 1817 1337  824    0],0
[1477  302   99  280 1445    0    0    0    0    0    0    0],0
[ 583  523 1772    0    0    0    0    0    0    0    0    0],1
[1078 1748  162 1295 1794 1222    0    0    0    0    0    0],1
[ 665  738  906 1681 1767  882 1520 1035    0    0    0    0],1
[1505    0    0    0    0    0    0    0    0    0    0    0],1
[ 345 1925  656  659 1684  241   55 1425    0    0    0    0],0
[1539 1124  758  711  462 1413  572 1285 1163  284  497 1801],1
[1497  230  852   30  901  713  901  713 1577  750 1333    0],0
[ 51 123 482   0   0   0   0   0   0   0   0   0],0
[ 893 1188  226    0    0    0    0    0    0    0    0    0],1
[ 966 1782   60   52 1600  262 1885    0    0    0    0    0],1
[ 923  259 1914  529 1158 1391 1360 1535  258  508    0    0],1
[1422  584  226  336 1598    0    0    0    0    0    0    0],0
[1364 1586   94  627 1779  216    0    0    0    0    0    0],0
[514   0   0   0   0   0   0   0   0   0   0   0],1
[ 226 1243  307 1248    0    0    0    0    0    0    0    0],1
[1783 1922 1779  165 1032 1156    0    0    0    0    0    0],1
[ 475 1212  818 1623 1500 1655  161  746 1206    0    0    0],0
[1695  793  858    0    0    0    0    0    0    0    0    0],1
[1019 1877  784  271  665    0    0    0    0    0    0    0],1
[384 489   0   0   0   0   0   0   0   0   0   0],0
[ 185 1295  536 1779  637 1761    0    0    0    0    0    0],1
[ 987  735 1070  893    0    0    0    0    0    0    0    0],1
[1215  607  344  724 1599 1598 1071    0    0    0    0    0],1
[1417 1020  991    0    0    0    0    0    0    0    0    0],1
[1295  750 1325  540  842   19 1551 1878 1356  500  893    0],1
[1089  424 1359 1109  123 1547    0    0    0    0    0    0],0
[  11 1572 1050 1779 1893 1539    0    0    0    0    0    0],1
[  26 1409    0    0    0    0    0    0    0    0    0    0],1
[1417 1265 1450    0    0    0    0    0    0    0    0    0],1
[1681 1309 1539    0    0    0    0    0    0    0    0    0],0
[1799   92  315 1692    0    0    0    0    0    0    0    0],0
[808 741 224   0   0   0   0   0   0   0   0   0],0
[ 412 1515    0    0    0    0    0    0    0    0    0    0],0
[1313 1036    0    0    0    0    0    0    0    0    0    0],0
[1422 1922  777 1051  223  889 1533  983  689  510    0    0],1
[ 800 1085  290    0    0    0    0    0    0    0    0    0],1
[ 320  482  235 1484    0    0    0    0    0    0    0    0],1
[ 479   47 1295    0    0    0    0    0    0    0    0    0],1
[ 39 106 999   0   0   0   0   0   0   0   0   0],1
[ 123 1779  305  592  123    0    0    0    0    0    0    0],1
[1368 1214    0    0    0    0    0    0    0    0    0    0],0
[ 987  221 1565  174  947 1616   26  796 1450  260    0    0],1
[768 584 195 226   0   0   0   0   0   0   0   0],0
[1052 1642  819 1783  437 1812 1036    0    0    0    0    0],1
[1193  530  814   52    0    0    0    0    0    0    0    0],1
[569 681 195   0   0   0   0   0   0   0   0   0],1
[1659 1342 1058    0    0    0    0    0    0    0    0    0],0
[ 987 1598  311   33    0    0    0    0    0    0    0    0],0
[1018 1356    0    0    0    0    0    0    0    0    0    0],1
[  31 1073 1319 1572 1396 1524  123  775 1180 1786    0    0],0
[791 835   0   0   0   0   0   0   0   0   0   0],0
[1211  437  105  931 1543 1095 1930 1196 1191 1864    0    0],1
[ 987 1598   11 1738 1443    0    0    0    0    0    0    0],1
[1554 1295 1616    0    0    0    0    0    0    0    0    0],1
[  39 1779 1575    0    0    0    0    0    0    0    0    0],1
[1539 1310 1776 1429    0    0    0    0    0    0    0    0],1
[ 482 1539  711 1696 1764 1249 1205    0    0    0    0    0],1
[ 123  299 1861 1818  917  399  893 1419 1302 1543 1085 1539],1
[412 600   0   0   0   0   0   0   0   0   0   0],0
[1913 1442   52  685  378    0    0    0    0    0    0    0],1
[1380  512 1681  800 1380  512    0    0    0    0    0    0],0
[1569  724 1569 1203 1569 1482 1356 1279    0    0    0    0],1
[1002  618 1484    0    0    0    0    0    0    0    0    0],0
[ 724   30   90  482 1651  327    0    0    0    0    0    0],1
[1712  402 1280 1356  510    0    0    0    0    0    0    0],1
[1831  120 1180  617 1061 1174  515  257  985 1601    0    0],0
[ 467  692 1943 1378 1333    0    0    0    0    0    0    0],1
[1812 1085  391  226  931 1856    0    0    0    0    0    0],0
[1282  391 1359  679  103  456   82    0    0    0    0    0],0
[1014 1050  106 1545    0    0    0    0    0    0    0    0],1
[  33  999  822 1598  262  290 1024  195  226    0    0    0],1
[ 931 1690 1623    0    0    0    0    0    0    0    0    0],0
[1279  335  696    0    0    0    0    0    0    0    0    0],0
[ 849 1745  987 1598 1685  602  711 1032 1362  810  123 1515],1
[ 536 1309 1539  195  253  231 1539    0    0    0    0    0],1
[1616   26    0    0    0    0    0    0    0    0    0    0],1
[1681 1309 1171  137    0    0    0    0    0    0    0    0],1
[ 963 1574 1676  999  762    0    0    0    0    0    0    0],0
[ 474 1685 1070  601  393 1779    0    0    0    0    0    0],0
[1793  863 1618 1096    0    0    0    0    0    0    0    0],0
[1570 1885    0    0    0    0    0    0    0    0    0    0],0
[ 584   52 1963  326 1230 1050    0    0    0    0    0    0],0
[1454 1431  893    0    0    0    0    0    0    0    0    0],1
[ 943 1539    0    0    0    0    0    0    0    0    0    0],1
[ 440  199 1538  511 1608  558  492    0    0    0    0    0],0
[1310  351 1418    0    0    0    0    0    0    0    0    0],0
[1779 1598    0    0    0    0    0    0    0    0    0    0],1
[1233 1539 1569  442  969 1370   87 1750    0    0    0    0],1
[1836  877 1569  750    0    0    0    0    0    0    0    0],1
[ 929  195  226 1539  929 1484  782 1539  701    0    0    0],0
[  15 1676  226  873  717  307  931 1922  714    0    0    0],0
[123 893   0   0   0   0   0   0   0   0   0   0],1
[1447 1547    0    0    0    0    0    0    0    0    0    0],0
[1863   37    0    0    0    0    0    0    0    0    0    0],0
[ 719  393  667 1034 1289    0    0    0    0    0    0    0],0
[ 454  956 1436  810  600 1132 1414 1748    0    0    0    0],0
[1831 1831 1831    0    0    0    0    0    0    0    0    0],0
[1295 1745  226 1764 1520  408 1913 1515    0    0    0    0],1
[1771 1461 1616  610 1520 1243  307    0    0    0    0    0],1
[ 523 1781 1062 1461  794 1779  791    0    0    0    0    0],0
[1596  800 1085  712 1036    0    0    0    0    0    0    0],0
[1515 1779 1615  352    0    0    0    0    0    0    0    0],1
[ 260 1295 1450  690    0    0    0    0    0    0    0    0],1
[1515 1282 1905  178  292  228 1616  985    0    0    0    0],1
[ 354  300 1300    0    0    0    0    0    0    0    0    0],0
[1613    0    0    0    0    0    0    0    0    0    0    0],0
[1641 1000 1390  123  195  116    0    0    0    0    0    0],0
[1078  519  782    0    0    0    0    0    0    0    0    0],1
[1632 1683 1831 1688  619 1180 1377    0    0    0    0    0],0
[1569  123 1569 1515  796 1450 1743    0    0    0    0    0],1
[1665 1159  226    0    0    0    0    0    0    0    0    0],1
[ 505 1893 1922  394  810  309  439    0    0    0    0    0],0
[ 557 1569 1332  664  975 1826 1463 1154  556  613 1670 1609],1
[973 111  28 608   0   0   0   0   0   0   0   0],0
[1569 1539 1530 1059 1359    0    0    0    0    0    0    0],1
[1417 1450  290  504  208 1924    0    0    0    0    0    0],1
[ 160  351  863  929  158 1390  123 1507    0    0    0    0],1
[573 470 637 155   0   0   0   0   0   0   0   0],0
[ 859 1744 1407 1616  283  894    0    0    0    0    0    0],0
[ 726 1295  750  223 1842 1662    0    0    0    0    0    0],1
[ 759 1868 1074  119 1025  108 1484    0    0    0    0    0],0
[1263 1379  442 1583 1513    0    0    0    0    0    0    0],1
[ 536  524 1488  947  275  931  338   99  482 1696    0    0],1
[1779 1335    0    0    0    0    0    0    0    0    0    0],0
[1758 1245 1217  549    0    0    0    0    0    0    0    0],1
[ 845 1875 1601 1767 1180 1539  437 1688  364 1180  123 1042],0
[1295  482  302  472 1892    0    0    0    0    0    0    0],1
[1779 1555 1569  123 1569 1515    0    0    0    0    0    0],1
[ 448 1141 1087 1058    0    0    0    0    0    0    0    0],1
[ 123 1779    0    0    0    0    0    0    0    0    0    0],1
[514   0   0   0   0   0   0   0   0   0   0   0],1
[1667  656    0    0    0    0    0    0    0    0    0    0],0
[1533 1368  791 1871  247 1217  335 1036    0    0    0    0],1
[1684    0    0    0    0    0    0    0    0    0    0    0],0
[ 536 1543 1742 1938  394  538 1303  233 1257 1310  274 1217],0
[ 610 1539 1437  497 1315  315    0    0    0    0    0    0],0
[ 607  759 1577 1747 1780  641 1445  388    0    0    0    0],0
[1627 1646  123  787 1248    0    0    0    0    0    0    0],0
[ 870 1060 1149    0    0    0    0    0    0    0    0    0],1
[1687  436 1736 1439 1356    0    0    0    0    0    0    0],1
[1103  863 1754  371    0    0    0    0    0    0    0    0],0
[ 330 1230  414 1165 1545  742  800 1247 1080    0    0    0],0
[ 536  299 1187 1070 1779 1217    0    0    0    0    0    0],1
[1386    0    0    0    0    0    0    0    0    0    0    0],0
[ 607 1672 1781  199    0    0    0    0    0    0    0    0],0
[1293    0    0    0    0    0    0    0    0    0    0    0],0
[ 332  607  166  460 1849   29    0    0    0    0    0    0],1
[1738  495  248 1447  123  376  151  391 1187 1520 1738 1738],0
[ 637  514 1539    0    0    0    0    0    0    0    0    0],1
[1643  106    0    0    0    0    0    0    0    0    0    0],1
[ 482 1888  684 1428 1515  890 1442  600    0    0    0    0],0
[ 555 1187  629  607  352 1217    0    0    0    0    0    0],0
[ 345 1033  307 1482  892 1598  314 1676  547  759 1217    0],0
[ 260  784 1461 1450  542 1399 1004   55 1310 1782 1546  511],1
[ 729  512  123  480  240  581 1569 1288 1663  749 1520 1359],1
[ 179  994 1257 1781  536 1779    0    0    0    0    0    0],1
[1253 1834 1934    0    0    0    0    0    0    0    0    0],0
[1550  607  607  948  440    0    0    0    0    0    0    0],1
[1097  280  742 1745 1748  672    0    0    0    0    0    0],0
[1256  242  617    0    0    0    0    0    0    0    0    0],1
[ 554  195  172 1947    0    0    0    0    0    0    0    0],0
[1104  677  253 1750  592  810 1569 1515  845  123  853    0],1
[1601 1447  617  801  925    0    0    0    0    0    0    0],0
[1779  385    0    0    0    0    0    0    0    0    0    0],1
[1081  518 1779    0    0    0    0    0    0    0    0    0],1
[1282 1684    0    0    0    0    0    0    0    0    0    0],0
[   8 1843 1450 1700    0    0    0    0    0    0    0    0],1
[1574 1558 1445 1681  182 1259    0    0    0    0    0    0],0
[1539 1494 1294  773 1307    0    0    0    0    0    0    0],0
[1075 1070    0    0    0    0    0    0    0    0    0    0],0
[366   0   0   0   0   0   0   0   0   0   0   0],0
[123 695 482   0   0   0   0   0   0   0   0   0],0
[1569  123    0    0    0    0    0    0    0    0    0    0],1
[1812  391  226  787 1248    0    0    0    0    0    0    0],0
[1036 1097  727 1635 1226 1258    0    0    0    0    0    0],0
[1569 1539 1873  514  280  604    0    0    0    0    0    0],1
[ 106  596   60 1058 1214 1150   99    0    0    0    0    0],1
[1922  894  837  347    0    0    0    0    0    0    0    0],0
[1511  761  135    0    0    0    0    0    0    0    0    0],1
[ 344 1882 1300 1748    0    0    0    0    0    0    0    0],0
[1297 1071 1866   52    0    0    0    0    0    0    0    0],1
[ 633  614    1 1295  637  742  711    0    0    0    0    0],1
[1208 1070    0    0    0    0    0    0    0    0    0    0],1
[1887 1569 1565 1432 1478  662  340 1055    0    0    0    0],1
[ 526 1051  615  157 1221 1268  133  531 1356  321    0    0],1
[1067  115  720 1952    0    0    0    0    0    0    0    0],1
[1788 1461 1450  260   40    0    0    0    0    0    0    0],1
[1569    0    0    0    0    0    0    0    0    0    0    0],1
[104  51   0   0   0   0   0   0   0   0   0   0],1
[1020  679 1657 1779 1118 1048 1804  851    0    0    0    0],1
[ 260 1843    0    0    0    0    0    0    0    0    0    0],1
[ 902 1836 1598  931 1745  495  872 1059  709    0    0    0],1
[1693  141  229  660 1539  536 1644  248 1283    0    0    0],1
[ 708 1528 1201  506 1199    0    0    0    0    0    0    0],0
[1422  195    0    0    0    0    0    0    0    0    0    0],0
[1294 1812  594    0    0    0    0    0    0    0    0    0],1
[1750   58 1570 1539  997    0    0    0    0    0    0    0],0
[1569  383 1614    0    0    0    0    0    0    0    0    0],1
[ 514 1515  123    0    0    0    0    0    0    0    0    0],1
[1701 1844 1467    0    0    0    0    0    0    0    0    0],1
[  11 1738  195  226    0    0    0    0    0    0    0    0],1
[1902 1002 1413 1484 1781    0    0    0    0    0    0    0],0
[1569 1539 1637 1309    0    0    0    0    0    0    0    0],1
[1515  585 1843    0    0    0    0    0    0    0    0    0],0
[ 202 1365  512 1282 1661 1365  512    0    0    0    0    0],1
[ 260  389 1598 1347    0    0    0    0    0    0    0    0],0
[ 105  218 1561 1356    0    0    0    0    0    0    0    0],1
[1779  123 1569 1787    0    0    0    0    0    0    0    0],1
[1025 1779  724    0    0    0    0    0    0    0    0    0],1
[ 744 1772  268    0    0    0    0    0    0    0    0    0],0
[1112  568 1944 1728  623 1868 1533 1516  227  392    0    0],1
[1874 1616 1668   79  878 1531    0    0    0    0    0    0],1
[ 724 1273  401  776  482 1497  441 1484    0    0    0    0],1
[1779  123 1779 1515    0    0    0    0    0    0    0    0],1
[1188 1356    0    0    0    0    0    0    0    0    0    0],1
[ 493 1812  226  977    0    0    0    0    0    0    0    0],0
[1577  226    0    0    0    0    0    0    0    0    0    0],1
[ 980  445  994 1257  390  623 1913 1257 1748    0    0    0],1
[ 132 1403  163 1094 1155  654 1373 1413  554  320 1328 1779],1
[1676  172 1515  585    0    0    0    0    0    0    0    0],0
[1922 1572 1539  816 1410 1356 1167 1036    0    0    0    0],0
[799   0   0   0   0   0   0   0   0   0   0   0],0
[1589 1572  929  226    0    0    0    0    0    0    0    0],0
[ 747  123 1577  793 1283  967 1424    0    0    0    0    0],0
[1937 1745 1755  550  433 1259    0    0    0    0    0    0],0
[ 92 536 315 961 724   0   0   0   0   0   0   0],0
[ 391  115 1406 1114 1058  514    0    0    0    0    0    0],1
[1771 1616 1843  498  260    0    0    0    0    0    0    0],1
[1607 1450  931  974  123    0    0    0    0    0    0    0],1
[ 229 1860 1567  501  559 1916  829 1350  102    0    0    0],0
[1887 1208    0    0    0    0    0    0    0    0    0    0],1
[1681 1309  154    0    0    0    0    0    0    0    0    0],0
[1515  178  931  195   43  863  863    0    0    0    0    0],1
[1908  536 1214  503  187 1937  412    0    0    0    0    0],0
[1387  198  553 1663  444 1362    0    0    0    0    0    0],1
[530   0   0   0   0   0   0   0   0   0   0   0],0
[1958 1776    0    0    0    0    0    0    0    0    0    0],1
[ 639  779 1422  195    0    0    0    0    0    0    0    0],0
[1505  332  523  177  614 1866  523    0    0    0    0    0],1
[ 592   28 1569  643 1184 1783  482 1228  880  523  223  933],1
[ 536 1616 1887    0    0    0    0    0    0    0    0    0],1
[1252  730  699  886  191    0    0    0    0    0    0    0],0
[1217 1320  256    0    0    0    0    0    0    0    0    0],1
[1097 1062  197 1442 1431  391  307   91 1036   39    0    0],0
[1189  457  643  977    0    0    0    0    0    0    0    0],1
[ 607  322 1099  106  812 1381  429  607  881    0    0    0],1
[ 123 1569  784 1015  902    0    0    0    0    0    0    0],1
[ 358   49 1345  476  437 1593  334    0    0    0    0    0],1
[514  51 604   0   0   0   0   0   0   0   0   0],1
[1569  123  514 1515    0    0    0    0    0    0    0    0],1
[ 530  169 1314 1925  115 1376  875 1308 1174  241 1424 1845],1
[ 797 1582 1942  797    0    0    0    0    0    0    0    0],0
[ 545  936  607 1295 1575    0    0    0    0    0    0    0],1
[1515   20 1779    0    0    0    0    0    0    0    0    0],1
[ 123 1405   85 1060  356 1601 1771   55 1520    0    0    0],0
[  17  592 1577 1217  214 1885 1812  405    0    0    0    0],0
[ 359   32   52 1413    0    0    0    0    0    0    0    0],1
[1799  863  123 1515    0    0    0    0    0    0    0    0],1
[1295  186 1470 1495 1444  615 1014  205 1134  623  487    0],1
[ 493  929   10  226  640 1309    0    0    0    0    0    0],0
[  99  777 1295 1075 1405  281    0    0    0    0    0    0],0
[1085  313 1070 1575  123 1250 1450 1515    0    0    0    0],1
[1051 1874   32  471  204 1479    0    0    0    0    0    0],1
[ 929 1716 1740    0    0    0    0    0    0    0    0    0],1
[ 52 796  60  52 847   0   0   0   0   0   0   0],1
[791 344   0   0   0   0   0   0   0   0   0   0],0
[1282 1211  336  533  336 1050  918  847 1029 1539    0    0],0
[1341 1257  315 1779  791    0    0    0    0    0    0    0],0
[226   0   0   0   0   0   0   0   0   0   0   0],0
[1911   61 1515  351  863 1899  358   12    0    0    0    0],1
[  95 1783  203 1355 1924 1696    0    0    0    0    0    0],1
[ 784  437  400 1783 1064  885  821 1924 1302    0    0    0],1
[1796 1112 1471  877 1214  823  600 1421  220  333    0    0],0
[ 130 1194 1454 1643 1533  847 1911  425  881    0    0    0],1
[ 759  583 1497  440 1848 1538    0    0    0    0    0    0],1
[ 866  689 1435  794  570 1943 1378    0    0    0    0    0],1
[1730 1365 1014  106 1181  241  435 1145    0    0    0    0],1
[1249 1623 1598 1771 1214  195 1701    0    0    0    0    0],1
[1578  530  241  583 1718 1330 1718  495  883  606    0    0],0
[1282 1459 1892 1577 1728 1159  271    0    0    0    0    0],1
[1738  364 1180 1214 1184  102 1214 1958  732    0    0    0],0
[1569 1539 1359    0    0    0    0    0    0    0    0    0],1
[1823 1581 1240 1779    0    0    0    0    0    0    0    0],1
[1515 1436 1741 1616    0    0    0    0    0    0    0    0],0
[ 123 1779 1515 1779 1112 1779    0    0    0    0    0    0],1
[1539  796  123 1193  126    0    0    0    0    0    0    0],0
[ 607 1431 1780  994  863   13 1880    0    0    0    0    0],0
[1515 1726 1075    0    0    0    0    0    0    0    0    0],0
[1282  290    0    0    0    0    0    0    0    0    0    0],1
[1781  863 1298    0    0    0    0    0    0    0    0    0],0
[1217  803 1513 1681 1152  195  226    0    0    0    0    0],1
[1523 1356    0    0    0    0    0    0    0    0    0    0],1
[ 851  891 1822  979  331 1112 1779  123    0    0    0    0],1
[  97  251 1005  682 1238 1188 1365  512    0    0    0    0],1
[1262 1436  810  388  155    0    0    0    0    0    0    0],0
[1569 1598   60 1064 1961  999    0    0    0    0    0    0],1
[ 123 1575 1572  939 1412 1733  620    0    0    0    0    0],0
[1400  585 1515    0    0    0    0    0    0    0    0    0],0
[ 286  455 1188 1356    0    0    0    0    0    0    0    0],1
[ 648 1499  791 1446  750    0    0    0    0    0    0    0],0
[1779 1097  872    0    0    0    0    0    0    0    0    0],1
[1326 1247 1917 1703  863  952  595  187  745  148    0    0],0
[1394    7 1075    0    0    0    0    0    0    0    0    0],0
[1797 1779    0    0    0    0    0    0    0    0    0    0],0
[ 637  909 1070    0    0    0    0    0    0    0    0    0],1
[1455  564 1214  514  579 1514  374    0    0    0    0    0],1
[ 106 1629 1317  604   38 1445  970  931  577    0    0    0],1
[ 199 1898 1779  791 1521 1405  171  946    0    0    0    0],0
[1353 1282 1905 1949 1539  449    0    0    0    0    0    0],0
[ 173 1060    0    0    0    0    0    0    0    0    0    0],1
[ 10 226   0   0   0   0   0   0   0   0   0   0],0
[1422 1243  792 1572 1539   39  637 1748    0    0    0    0],1
[ 260 1461 1616  178  931 1375 1636  804 1186   41  646  260],1
[1569 1887 1450  845 1515    0    0    0    0    0    0    0],1
[1361  157  969 1494  946 1776    0    0    0    0    0    0],1
[ 123  488 1957    0    0    0    0    0    0    0    0    0],0
[  97 1557 1951 1948  863 1745  973 1058  535 1164 1779 1058],0
[ 453  406 1671 1709 1701    0    0    0    0    0    0    0],1
[  62  634 1956 1388   78  934  963 1934  999    0    0    0],0
[ 391  329 1539  872 1011  337 1539  337  295  958   33  999],1
[1937 1766  536 1779 1766 1333    0    0    0    0    0    0],1
[1539 1569    0    0    0    0    0    0    0    0    0    0],1
[1528  123    0    0    0    0    0    0    0    0    0    0],0
[1214  881 1503  315 1539    0    0    0    0    0    0    0],1
[1282 1461 1322    0    0    0    0    0    0    0    0    0],0
[1515 1461 1450    0    0    0    0    0    0    0    0    0],1
[  70  940 1148 1660    0    0    0    0    0    0    0    0],0
[1539 1616 1619    0    0    0    0    0    0    0    0    0],1
[1177  893    0    0    0    0    0    0    0    0    0    0],1
[1539  115 1018 1222  243 1267 1797  750  753  698  791  698],0
[1032 1359 1175  934 1113    0    0    0    0    0    0    0],1
[ 180 1745 1074 1780  931 1556  121 1351  346  228 1520  123],0
[ 377  544  209  482  530 1097    0    0    0    0    0    0],1
[ 987 1598 1484 1745 1356 1070 1663 1115  871  514  267    0],1
[1771 1207  667 1533 1520  847  580 1681 1183 1539    0    0],0
[1515  412  895    0    0    0    0    0    0    0    0    0],0
[1539 1932 1815  766  536 1932    0    0    0    0    0    0],0
[101   0   0   0   0   0   0   0   0   0   0   0],0
[1051 1539    0    0    0    0    0    0    0    0    0    0],1
[1572 1279 1593    0    0    0    0    0    0    0    0    0],1
[123 412   0   0   0   0   0   0   0   0   0   0],0
[ 534  319 1333  258  107  937    0    0    0    0    0    0],1
[ 211 1646  475  475 1282 1941  672    0    0    0    0    0],0
[1539  798  846    0    0    0    0    0    0    0    0    0],0
[1577 1681 1359    0    0    0    0    0    0    0    0    0],0
[ 127 1335    0    0    0    0    0    0    0    0    0    0],0
[1051  700  123 1616 1953 1338  785   75  940 1479  416   23],1
[ 989 1802  689  429    0    0    0    0    0    0    0    0],1
[ 628 1515    0    0    0    0    0    0    0    0    0    0],0
[1812 1484  195    0    0    0    0    0    0    0    0    0],0
[123 810 161   0   0   0   0   0   0   0   0   0],0
[1283  584 1539 1681 1922  424  681    0    0    0    0    0],0
[1515  372  482    0    0    0    0    0    0    0    0    0],0
[1051 1750  103  671 1932 1923 1340    0    0    0    0    0],0
[1828  357 1859 1507    0    0    0    0    0    0    0    0],0
[1436 1515    0    0    0    0    0    0    0    0    0    0],0
[1217 1950   20  123  695   88 1738    0    0    0    0    0],0
[ 482 1515  123 1484 1927 1771 1779 1450 1533  934    0    0],1
[1913    0    0    0    0    0    0    0    0    0    0    0],1
[1176 1925 1845  351 1771  412  666    0    0    0    0    0],0
[ 172 1569 1070    0    0    0    0    0    0    0    0    0],1
[ 929  199  123 1423 1404 1465 1401  890 1922  426  894    0],0
[ 123  791 1932  877  100 1782    0    0    0    0    0    0],0
[ 454  554 1502  226 1114 1210  115    0    0    0    0    0],1
[1767   72  144  536 1424  352  123    0    0    0    0    0],0
[ 123 1745 1779 1009    0    0    0    0    0    0    0    0],1
[  78  872   33 1149 1399  524 1838  440    0    0    0    0],1
[1812  226    0    0    0    0    0    0    0    0    0    0],0
[1032 1233  595 1491    0    0    0    0    0    0    0    0],0
[1539 1620  512    0    0    0    0    0    0    0    0    0],0
[1681 1309 1539    0    0    0    0    0    0    0    0    0],0
[1010 1282  391  421 1433  512  514    0    0    0    0    0],1
[1476 1507 1706 1002  900 1135 1484 1781    0    0    0    0],0
[ 599 1142  684  723 1515  871  666 1616 1727 1472 1431  152],0
[ 196 1569  215    0    0    0    0    0    0    0    0    0],1
[ 493 1681  195    0    0    0    0    0    0    0    0    0],0
[ 201  106 1348  431    0    0    0    0    0    0    0    0],1
[1283  568 1515 1569    0    0    0    0    0    0    0    0],1
[ 136 1544 1058  736   30   99  536  583  858 1425    0    0],0
[ 622  759  411  653  241 1641 1784    0    0    0    0    0],0
[1676  290 1447 1569  892 1656    0    0    0    0    0    0],1
[  25 1572  571  285  584 1214  967 1539 1646  444 1494    0],1
[ 493 1812   10  226    0    0    0    0    0    0    0    0],0
[1002 1305 1413    0    0    0    0    0    0    0    0    0],0
[1539  637 1779 1616  940 1288   52    0    0    0    0    0],1
[1231 1569  723 1515 1680  226    0    0    0    0    0    0],1
[ 137  927 1796  260 1274  123 1481 1297  661 1021  344 1536],0
[1051 1951  308    0    0    0    0    0    0    0    0    0],1
[ 784 1862 1734    0    0    0    0    0    0    0    0    0],1
[1121  865   68   39 1413  554 1466 1126  213    0    0    0],1
[1539  514  299 1096 1715  630  139    0    0    0    0    0],1
[1750  961 1539  195    0    0    0    0    0    0    0    0],1
[1515 1569  931 1265 1745  714 1950    0    0    0    0    0],1
[ 847  262  137 1139  907 1680  360  418  262 1515  585  482],0
[1960  329 1310  512 1282  563  800 1217    0    0    0    0],0
[1002 1750 1484 1359 1698 1093    0    0    0    0    0    0],0
[1913   52  998 1569 1515  350 1783 1332 1743    0    0    0],1
[ 849 1249  592  721  420 1070    0    0    0    0    0    0],1
[1480 1288 1788    0    0    0    0    0    0    0    0    0],0
[1357  946    0    0    0    0    0    0    0    0    0    0],0
[1413  352 1321 1277  756    0    0    0    0    0    0    0],0
[ 195 1539  647    0    0    0    0    0    0    0    0    0],1
[1051  149 1217 1000 1251 1004 1605    0    0    0    0    0],1
[1018    2 1779  523  141 1356  642 1898    0    0    0    0],0
[ 103 1218  740  336  270  306 1766    0    0    0    0    0],0
[1515  412  123 1528    0    0    0    0    0    0    0    0],0
[1152  524    0    0    0    0    0    0    0    0    0    0],1
[1097 1311 1145 1911 1781  863 1343 1145  648 1945    0    0],0
[ 345 1748  672  693 1748  867  307  759 1192  270  946  441],0
[1310  375 1383 1359  369    0    0    0    0    0    0    0],0
[1515  573  585    0    0    0    0    0    0    0    0    0],0
[1195 1180 1738  759 1950    0    0    0    0    0    0    0],0
[1547   46   97  112 1101    0    0    0    0    0    0    0],1
[ 546  458 1783 1417 1188  838  858 1449 1506    0    0    0],0
[ 849  554 1891  607  440  753 1051    0    0    0    0    0],1
[ 318  815  298 1295 1408 1539    0    0    0    0    0    0],1
[1770  335  236 1372  903    0    0    0    0    0    0    0],0
[1002 1390 1484    0    0    0    0    0    0    0    0    0],0
[ 357  711 1060 1214 1696  912    0    0    0    0    0    0],1
[ 299  987 1572 1771 1569  106 1515    0    0    0    0    0],1
[ 523 1291 1779    0    0    0    0    0    0    0    0    0],1
[ 860 1131 1779    0    0    0    0    0    0    0    0    0],1
[1637 1438  684 1532 1628    0    0    0    0    0    0    0],0
[1799 1569 1070    0    0    0    0    0    0    0    0    0],1
[1102 1335  674    0    0    0    0    0    0    0    0    0],0
[1379 1229 1444   66 1087  396  200 1878 1746    0    0    0],1
[571 911 320 156   0   0   0   0   0   0   0   0],0
[543  69 871   0   0   0   0   0   0   0   0   0],0
[437 413   0   0   0   0   0   0   0   0   0   0],0
[1295  847  863 1937 1151 1533  891    0    0    0    0    0],0
[1293 1064 1676  674  105    0    0    0    0    0    0    0],0
[1937 1768 1356    0    0    0    0    0    0    0    0    0],1
[1812 1122    0    0    0    0    0    0    0    0    0    0],0
[1442  323  711  571 1728    0    0    0    0    0    0    0],1
[1547 1233 1693 1243 1955 1197 1501  495  863 1168  368  263],0
[70  0  0  0  0  0  0  0  0  0  0  0],0
[ 351  266  125 1032 1231  343 1688 1411  863    0    0    0],0
[1732 1105   11  904 1729  724 1422  597    0    0    0    0],0
[1282  315 1791  123    0    0    0    0    0    0    0    0],0
[ 530   92 1375  287 1422  863  293    0    0    0    0    0],0
[ 536  616  706   73 1070  352    0    0    0    0    0    0],0
[759 123 811 571   0   0   0   0   0   0   0   0],0
[ 974 1333 1219 1951 1327 1509 1096 1911    0    0    0    0],0
[ 466 1593 1526   63 1064  960 1541  268 1001  602 1520    0],0
[1589 1572 1812  391  226  787 1248    0    0    0    0    0],0
[1539 1418    0    0    0    0    0    0    0    0    0    0],0
[1114 1598 1359 1074  381 1213 1652 1517    0    0    0    0],1
[1806  620  261 1028    0    0    0    0    0    0    0    0],0
[ 474 1922 1354 1694 1405 1259    0    0    0    0    0    0],0
[1032 1405  828 1058  241 1740  541  172    0    0    0    0],0
[1075  832  943 1129    0    0    0    0    0    0    0    0],0
[1295 1200  574   55 1520 1764  345    0    0    0    0    0],0
[   2   84 1187  109 1618 1422 1214  874  832 1051 1217    0],0
[1293 1070    0    0    0    0    0    0    0    0    0    0],0
[ 123 1626 1076 1572 1779    0    0    0    0    0    0    0],0
[ 299 1738 1528  123   77  412 1515 1539    0    0    0    0],0
[1778 1613 1739    0    0    0    0    0    0    0    0    0],0
[1812  391  226    0    0    0    0    0    0    0    0    0],0
[1539  921  796  123  971   92   88    0    0    0    0    0],0
[1539  494  620    0    0    0    0    0    0    0    0    0],0
[1487  248 1851 1482  450 1869   86    0    0    0    0    0],0
[1422 1400   10    0    0    0    0    0    0    0    0    0],0
[ 946  637 1300 1360 1492 1632  565    0    0    0    0    0],0
[1566 1921  637 1639 1166  637 1441  640 1359    0    0    0],0
[ 66 628   0   0   0   0   0   0   0   0   0   0],0
[ 493 1837  195  226    0    0    0    0    0    0    0    0],0
[ 585  761  931 1903    0    0    0    0    0    0    0    0],0
[1779  507 1198    0    0    0    0    0    0    0    0    0],0
[ 301   65  623  199 1148  932    0    0    0    0    0    0],0
[1053  840  844 1920  155  562  689 1946  431    0    0    0],0
[ 335 1020  536 1014 1050  494  894    0    0    0    0    0],0
[1036    0    0    0    0    0    0    0    0    0    0    0],0
[1539  161  791 1932    0    0    0    0    0    0    0    0],0
[1574  400  222 1413  872   20  695  482    0    0    0    0],0
[  92 1749 1793    0    0    0    0    0    0    0    0    0],0
[ 257 1381 1295  595 1494 1598 1737  784 1450  542 1783    0],0
[  26  847  863  571 1743 1645 1329 1759 1131 1185    0    0],0
[1237 1928 1515    0    0    0    0    0    0    0    0    0],0
[1951   97  941  280    0    0    0    0    0    0    0    0],0
[1745  226 1445    0    0    0    0    0    0    0    0    0],0
[ 123 1745  809 1564    0    0    0    0    0    0    0    0],0
[939 809   8   0   0   0   0   0   0   0   0   0],0
[1063 1387  684  931 1918 1075  123 1716    0    0    0    0],0
[1808 1359 1681 1678  999 1316  328 1214 1374  828    0    0],0
[1510  582  935  195 1381 1266  841  498 1393    0    0    0],0
[1310 1439 1422  584   25 1254  723 1515 1141 1464  373 1216],0
[ 444 1036 1061  855  667   89 1220    0    0    0    0    0],0
[ 517 1137  448 1738 1359 1731  809    0    0    0    0    0],0
[1686 1867  637  608 1713 1260    0    0    0    0    0    0],0
[1230 1187  930  170    0    0    0    0    0    0    0    0],0
[1422  863    0    0    0    0    0    0    0    0    0    0],0
[1269  195  226    0    0    0    0    0    0    0    0    0],0
[1825  502 1922  352 1515  523 1539 1443 1220  183 1361   52],0
[1422 1793 1635  312 1539 1812  226 1839    0    0    0    0],0
[1591 1387 1667 1231 1265  299 1231  480 1576  427  561  592],0
[  26  966 1922  352    0    0    0    0    0    0    0    0],0
[1797  926 1520 1753 1651    0    0    0    0    0    0    0],0
[ 123   92 1779    0    0    0    0    0    0    0    0    0],0
[  15  752 1738  916 1771 1857  191    0    0    0    0    0],0
[ 795 1443 1261  249    0    0    0    0    0    0    0    0],0
[1075 1241 1793   60 1179  536 1667  863 1539    0    0    0],0
[1932 1646    0    0    0    0    0    0    0    0    0    0],0
[1669 1166  883  172    0    0    0    0    0    0    0    0],0
[ 211  297 1598 1248  304  727 1180  399 1663  123    0    0],0
[ 803 1359 1625 1681 1484 1386  702  892    0    0    0    0],0
[1960  609 1262  232 1744  192   92 1333    0    0    0    0],0
[123 695   0   0   0   0   0   0   0   0   0   0],0
[1211 1949  173 1457 1681 1424  940  335   10   52    0    0],0
[1909  336 1226  335 1468    0    0    0    0    0    0    0],0
[1933  919 1172 1257 1792 1086 1161  579  352 1348 1148    0],0
[  30 1296  575 1869  802  552  789   38 1445    0    0    0],0
[ 494  894  562  932 1300    0    0    0    0    0    0    0],0
[ 536    5 1539 1805  754    0    0    0    0    0    0    0],0
[1681 1570 1539  720 1814    0    0    0    0    0    0    0],0
[ 145  308 1745 1058  146  910  123  199    0    0    0    0],0
[1102 1335 1598 1539  116    0    0    0    0    0    0    0],0
[  71 1950 1443 1520  103  575 1912  576  440    0    0    0],0
[664 123 628   0   0   0   0   0   0   0   0   0],0
[  11 1115 1036    0    0    0    0    0    0    0    0    0],0
[ 584  123  894  395 1708    0    0    0    0    0    0    0],0
[1537 1594  681    0    0    0    0    0    0    0    0    0],0
[1799  315 1681  195  226    0    0    0    0    0    0    0],0
[1861 1070 1525  584 1748  195 1919 1750 1443 1598    0    0],0
[ 964   27 1050 1427  924 1711  603  697 1598 1200   55 1764],0
